{
    "Position": {
        "curScene": "",
        "posX": 1754.908203125,
        "posY": 2138.94970703125
    }
}
