{
    "Position": {
        "curScene": "Town",
        "posX": 1977.26611328125,
        "posY": 518.8594970703125
    }
}
