{
    "Position": {
        "curScene": "Shop",
        "posX": 393.4549560546875,
        "posY": 771.0049438476563
    }
}
