{
    "Position": {
        "curScene": "Entrance",
        "posX": 719.9906616210938,
        "posY": 960.1798095703125
    }
}
