{
    "Position": {
        "curScene": "Shop",
        "posX": 391.97491455078125,
        "posY": 810.0018310546875
    }
}
