{
    "Position": {
        "curScene": "Shop",
        "posX": 393.45465087890625,
        "posY": 764.5181884765625
    }
}
