{
    "Position": {
        "curScene": "",
        "posX": 2332.154541015625,
        "posY": 1099.2003173828125
    }
}
