{
    "Position": {
        "curScene": "Shop",
        "posX": 391.98211669921875,
        "posY": 793.8001708984375
    }
}
