{
    "Position": {
        "curScene": "Entrance",
        "posX": 1256.0989990234375,
        "posY": 2103.272216796875
    }
}
